distance_m,interpolated_flywheel_rpm,commanded_rounded_rpm,hood_angle_deg,validated_score_probability,validated_clean_probability,validation_samples
1.000,1225.000,1225.0,70.0000,1.000000,0.000000,128
1.050,1225.000,1225.0,70.0000,0.992188,0.000000,128
1.100,1225.000,1225.0,70.0000,1.000000,0.000000,128
1.150,1225.000,1225.0,70.0000,1.000000,0.015625,128
1.200,1225.000,1225.0,70.0000,1.000000,0.078125,128
1.250,1225.000,1225.0,70.0000,0.992188,0.140625,128
1.300,1225.000,1225.0,70.0000,0.992188,0.242188,128
1.350,1225.000,1225.0,70.0000,1.000000,0.421875,128
1.400,1225.000,1225.0,70.0000,1.000000,0.578125,128
1.450,1225.000,1225.0,70.0000,1.000000,0.773438,128
1.500,1225.000,1225.0,70.0000,1.000000,0.898438,128
1.550,1228.755,1225.0,70.0000,0.992188,0.914062,128
1.600,1239.127,1250.0,70.0000,1.000000,0.898438,128
1.650,1254.782,1250.0,70.0000,1.000000,0.976562,128
1.700,1274.382,1275.0,70.0000,1.000000,0.945312,128
1.750,1296.591,1300.0,70.0000,1.000000,0.875000,128
1.800,1320.073,1325.0,70.0000,1.000000,0.804688,128
1.850,1343.491,1350.0,70.0000,1.000000,0.710938,128
1.900,1365.509,1375.0,70.0000,1.000000,0.640625,128
1.950,1384.791,1375.0,70.0000,1.000000,0.781250,128
2.000,1400.000,1400.0,70.0000,1.000000,0.703125,128
2.050,1412.109,1400.0,70.0000,1.000000,0.796875,128
2.100,1423.135,1425.0,70.0000,1.000000,0.718750,128
2.150,1433.309,1425.0,70.0000,1.000000,0.773438,128
2.200,1442.861,1450.0,70.0000,1.000000,0.742188,128
2.250,1452.020,1450.0,70.0000,1.000000,0.812500,128
2.300,1461.018,1450.0,70.0000,1.000000,0.851562,128
2.350,1470.085,1475.0,70.0000,1.000000,0.843750,128
2.400,1479.451,1475.0,70.0000,1.000000,0.929688,128
2.450,1489.345,1500.0,70.0000,1.000000,0.835938,128
2.500,1500.000,1500.0,70.0000,1.000000,0.875000,128
2.550,1511.273,1500.0,70.0000,1.000000,0.906250,128
2.600,1522.859,1525.0,70.0000,1.000000,0.898438,128
2.650,1534.742,1525.0,70.0000,1.000000,0.851562,128
2.700,1546.909,1550.0,70.0000,1.000000,0.859375,128
2.750,1559.343,1550.0,70.0000,1.000000,0.867188,128
2.800,1572.030,1575.0,70.0000,1.000000,0.835938,128
2.850,1584.955,1575.0,70.0000,1.000000,0.843750,128
2.900,1598.101,1600.0,70.0000,1.000000,0.828125,128
2.950,1611.455,1600.0,70.0000,1.000000,0.804688,128
3.000,1625.000,1625.0,70.0000,1.000000,0.812500,128
3.050,1639.018,1650.0,70.0000,1.000000,0.875000,128
3.100,1653.691,1650.0,70.0000,1.000000,0.835938,128
3.150,1668.855,1675.0,70.0000,1.000000,0.789062,128
3.200,1684.345,1675.0,70.0000,1.000000,0.851562,128
3.250,1700.000,1700.0,70.0000,1.000000,0.804688,128
3.300,1715.655,1725.0,70.0000,1.000000,0.781250,128
3.350,1731.145,1725.0,70.0000,1.000000,0.812500,128
3.400,1746.309,1750.0,70.0000,1.000000,0.710938,128
3.450,1760.982,1750.0,70.0000,1.000000,0.812500,128
3.500,1775.000,1775.0,70.0000,1.000000,0.734375,128
3.550,1788.420,1800.0,70.0000,1.000000,0.718750,128
3.600,1801.455,1800.0,70.0000,1.000000,0.726562,128
3.650,1814.170,1825.0,70.0000,1.000000,0.718750,128
3.700,1826.636,1825.0,70.0000,1.000000,0.726562,128
3.750,1838.920,1850.0,70.0000,1.000000,0.679688,128
3.800,1851.091,1850.0,70.0000,1.000000,0.750000,128
3.850,1863.216,1875.0,70.0000,1.000000,0.710938,128
3.900,1875.364,1875.0,70.0000,1.000000,0.773438,128
3.950,1887.602,1900.0,70.0000,1.000000,0.718750,128
4.000,1900.000,1900.0,70.0000,1.000000,0.664062,128
4.050,1912.500,1925.0,70.0000,1.000000,0.710938,128
4.100,1925.000,1925.0,70.0000,1.000000,0.664062,128
4.150,1937.500,1950.0,70.0000,1.000000,0.734375,128
4.200,1950.000,1950.0,70.0000,1.000000,0.710938,128
4.250,1962.500,1975.0,70.0000,1.000000,0.640625,128
4.300,1975.000,1975.0,70.0000,1.000000,0.820312,128
4.350,1987.500,2000.0,70.0000,1.000000,0.710938,128
4.400,2000.000,2000.0,70.0000,1.000000,0.687500,128
4.450,2012.500,2025.0,70.0000,0.992188,0.625000,128
4.500,2025.000,2025.0,70.0000,1.000000,0.687500,128
4.550,2037.625,2050.0,70.0000,1.000000,0.710938,128
4.600,2050.444,2050.0,70.0000,0.992188,0.640625,128
4.650,2063.375,2075.0,70.0000,1.000000,0.640625,128
4.700,2076.333,2075.0,70.0000,1.000000,0.601562,128
4.750,2089.236,2100.0,70.0000,1.000000,0.632812,128
4.800,2102.000,2100.0,70.0000,1.000000,0.625000,128
4.850,2114.542,2125.0,70.0000,1.000000,0.679688,128
4.900,2126.778,2125.0,70.0000,0.992188,0.585938,128
4.950,2138.625,2150.0,70.0000,1.000000,0.585938,128
5.000,2150.000,2150.0,70.0000,1.000000,0.609375,128
5.050,2160.800,2150.0,70.0000,1.000000,0.585938,128
5.100,2171.067,2175.0,70.0000,0.984375,0.593750,128
5.150,2180.933,2175.0,70.0000,1.000000,0.734375,128
5.200,2190.533,2200.0,70.0000,0.992188,0.562500,128
5.250,2200.000,2200.0,70.0000,1.000000,0.679688,128
5.300,2209.467,2200.0,70.0000,1.000000,0.500000,128
5.350,2219.067,2225.0,70.0000,0.992188,0.539062,128
5.400,2228.933,2225.0,70.0000,0.992188,0.609375,128
5.450,2239.200,2250.0,70.0000,0.992188,0.578125,128
5.500,2250.000,2250.0,70.0000,1.000000,0.671875,128
5.550,2261.263,2250.0,70.0000,1.000000,0.523438,128
5.600,2272.822,2275.0,70.0000,1.000000,0.570312,128
5.650,2284.671,2275.0,70.0000,1.000000,0.578125,128
5.700,2296.800,2300.0,70.0000,1.000000,0.554688,128
5.750,2309.201,2300.0,70.0000,0.992188,0.585938,128
5.800,2321.867,2325.0,70.0000,0.992188,0.625000,128
5.850,2334.788,2325.0,70.0000,0.984375,0.460938,128
5.900,2347.956,2350.0,70.0000,0.984375,0.546875,128
5.950,2361.363,2350.0,70.0000,0.992188,0.570312,128
6.000,nan,nan,nan,0.000000,0.000000,128
